ID,title,author,TrueURL
1,〔雨ニモマケズ〕,宮沢 賢治,https://www.aozora.gr.jp/cards/000081/files/45630_23908.html
2,山月記,中島 敦,https://www.aozora.gr.jp/cards/000119/files/624_14544.html
3,走れメロス,太宰 治,https://www.aozora.gr.jp/cards/000035/files/1567_14913.html
4,羅生門,芥川 竜之介,https://www.aozora.gr.jp/cards/000879/files/127_15260.html
5,こころ,夏目 漱石,https://www.aozora.gr.jp/cards/000148/files/773_14560.html
6,銀河鉄道の夜,宮沢 賢治,https://www.aozora.gr.jp/cards/000081/files/456_15050.html
7,吾輩は猫である,夏目 漱石,https://www.aozora.gr.jp/cards/000148/files/789_14547.html
8,夢十夜,夏目 漱石,https://www.aozora.gr.jp/cards/000148/files/799_14972.html
9,やまなし,宮沢 賢治,https://www.aozora.gr.jp/cards/000081/files/46605_31178.html
10,蜘蛛の糸,芥川 竜之介,https://www.aozora.gr.jp/cards/000879/files/92_14545.html
11,注文の多い料理店,宮沢 賢治,https://www.aozora.gr.jp/cards/000081/files/43754_17659.html
12,檸檬,梶井 基次郎,https://www.aozora.gr.jp/cards/000074/files/424_19826.html
13,草枕,夏目 漱石,https://www.aozora.gr.jp/cards/000148/files/776_14941.html
14,坊っちゃん,夏目 漱石,https://www.aozora.gr.jp/cards/000148/files/752_14964.html
15,人間失格,太宰 治,https://www.aozora.gr.jp/cards/000035/files/301_14912.html
16,方丈記,鴨 長明,https://www.aozora.gr.jp/cards/000196/files/975_15935.html
17,学問のすすめ,福沢 諭吉,https://www.aozora.gr.jp/cards/000296/files/47061_29420.html
18,『春と修羅』,宮沢 賢治,https://www.aozora.gr.jp/cards/000081/files/1058_15403.html
19,よだかの星,宮沢 賢治,https://www.aozora.gr.jp/cards/000081/files/473_42318.html
20,舞姫,森 鴎外,https://www.aozora.gr.jp/cards/000129/files/2078_15963.html
21,ドグラ・マグラ,夢野 久作,https://www.aozora.gr.jp/cards/000096/files/2093_28841.html
22,手袋を買いに,新美 南吉,https://www.aozora.gr.jp/cards/000121/files/637_13341.html
23,智恵子抄,高村 光太郎,https://www.aozora.gr.jp/cards/001168/files/46669_25695.html
24,桃太郎,楠山 正雄,https://www.aozora.gr.jp/cards/000329/files/18376_12100.html
25,桜の樹の下には,梶井 基次郎,https://www.aozora.gr.jp/cards/000074/files/427_19793.html
26,高瀬舟,森 鴎外,https://www.aozora.gr.jp/cards/000129/files/691_15352.html
27,あのときの王子くん,サン＝テグジュペリ アントワーヌ・ド,https://www.aozora.gr.jp/cards/001265/files/46817_24670.html
28,鼻,芥川 竜之介,https://www.aozora.gr.jp/cards/000879/files/42_15228.html
29,土佐日記,紀 貫之,https://www.aozora.gr.jp/cards/000155/files/832_16016.html
30,月に吠える,萩原 朔太郎,https://www.aozora.gr.jp/cards/000067/files/859_21656.html
31,駈込み訴え,太宰 治,https://www.aozora.gr.jp/cards/000035/files/277_33098.html
32,戦争責任者の問題,伊丹 万作,https://www.aozora.gr.jp/cards/000231/files/43873_23111.html
33,銀河鉄道の夜,宮沢 賢治,https://www.aozora.gr.jp/cards/000081/files/43737_19215.html
34,地獄変,芥川 竜之介,https://www.aozora.gr.jp/cards/000879/files/60_15129.html
35,星めぐりの歌,宮沢 賢治,https://www.aozora.gr.jp/cards/000081/files/46268_23911.html
36,一握の砂,石川 啄木,https://www.aozora.gr.jp/cards/000153/files/816_15786.html
37,ごん狐,新美 南吉,https://www.aozora.gr.jp/cards/000121/files/628_14895.html
38,オツベルと象,宮沢 賢治,https://www.aozora.gr.jp/cards/000081/files/466_42316.html
39,斜陽,太宰 治,https://www.aozora.gr.jp/cards/000035/files/1565_8559.html
40,トロッコ,芥川 竜之介,https://www.aozora.gr.jp/cards/000879/files/43016_16836.html
41,風の又三郎,宮沢 賢治,https://www.aozora.gr.jp/cards/000081/files/462_15405.html
42,桃太郎,芥川 竜之介,https://www.aozora.gr.jp/cards/000879/files/100_15253.html
43,三四郎,夏目 漱石,https://www.aozora.gr.jp/cards/000148/files/794_14946.html
44,セロ弾きのゴーシュ,宮沢 賢治,https://www.aozora.gr.jp/cards/000081/files/470_15407.html
45,河童,芥川 竜之介,https://www.aozora.gr.jp/cards/000879/files/45761_39095.html
46,杜子春,芥川 竜之介,https://www.aozora.gr.jp/cards/000879/files/170_15144.html
47,蟹工船,小林 多喜二,https://www.aozora.gr.jp/cards/000156/files/1465_16805.html
48,女生徒,太宰 治,https://www.aozora.gr.jp/cards/000035/files/275_13903.html
49,遠野物語,柳田 国男,https://www.aozora.gr.jp/cards/001566/files/52504_49667.html
50,春琴抄,谷崎 潤一郎,https://www.aozora.gr.jp/cards/001383/files/56866_58169.html
51,陰翳礼讃,谷崎 潤一郎,https://www.aozora.gr.jp/cards/001383/files/56642_59575.html
52,高瀬舟,森 鴎外,https://www.aozora.gr.jp/cards/000129/files/45245_22007.html
53,蜜柑,芥川 竜之介,https://www.aozora.gr.jp/cards/000879/files/98_15272.html
54,少女地獄,夢野 久作,https://www.aozora.gr.jp/cards/000096/files/935_23282.html
55,赤い蝋燭と人魚,小川 未明,https://www.aozora.gr.jp/cards/001475/files/54372_46225.html
56,故郷,魯迅 ,https://www.aozora.gr.jp/cards/001124/files/42939_15330.html
57,富嶽百景,太宰 治,https://www.aozora.gr.jp/cards/000035/files/270_14914.html
58,虔十公園林,宮沢 賢治,https://www.aozora.gr.jp/cards/000081/files/4410_26676.html
59,桜の森の満開の下,坂口 安吾,https://www.aozora.gr.jp/cards/001095/files/42618_21410.html
60,セメント樽の中の手紙,葉山 嘉樹,https://www.aozora.gr.jp/cards/000031/files/228_21664.html
61,変身,カフカ フランツ,https://www.aozora.gr.jp/cards/001235/files/49866_41897.html
62,尾崎放哉選句集,尾崎 放哉,https://www.aozora.gr.jp/cards/000195/files/974_319.ebk
63,人間椅子,江戸川 乱歩,https://www.aozora.gr.jp/cards/001779/files/56648_58207.html
64,葉,太宰 治,https://www.aozora.gr.jp/cards/000035/files/2288_33104.html
65,私の個人主義,夏目 漱石,https://www.aozora.gr.jp/cards/000148/files/772_33100.html
66,山羊の歌,中原 中也,https://www.aozora.gr.jp/cards/000026/files/894_28272.html
67,痴人の愛,谷崎 潤一郎,https://www.aozora.gr.jp/cards/001383/files/58093_62049.html
68,グッド・バイ,太宰 治,https://www.aozora.gr.jp/cards/000035/files/258_20179.html
69,たけくらべ,樋口 一葉,https://www.aozora.gr.jp/cards/000064/files/389_15297.html
70,金色夜叉,尾崎 紅葉,https://www.aozora.gr.jp/cards/000091/files/522_19603.html
71,おじいさんのランプ,新美 南吉,https://www.aozora.gr.jp/cards/000121/files/635_14853.html
72,瓶詰地獄,夢野 久作,https://www.aozora.gr.jp/cards/000096/files/2381_13352.html
73,藪の中,芥川 竜之介,https://www.aozora.gr.jp/cards/000879/files/179_15255.html
74,金魚撩乱,岡本 かの子,https://www.aozora.gr.jp/cards/000076/files/1279_9311.html
75,堕落論,坂口 安吾,https://www.aozora.gr.jp/cards/001095/files/42620_21407.html
76,文字禍,中島 敦,https://www.aozora.gr.jp/cards/000119/files/622_14497.html
77,藪の中,芥川 竜之介,https://www.aozora.gr.jp/cards/000879/files/24454_47036.html
78,刺青,谷崎 潤一郎,https://www.aozora.gr.jp/cards/001383/files/56641_59496.html
79,あたらしい憲法のはなし,文部省 ,https://www.aozora.gr.jp/cards/001128/files/43037_15804.html
80,ロミオとヂュリエット,シェークスピア ウィリアム,https://www.aozora.gr.jp/cards/000264/files/42773_39853.html
81,白雪姫,グリム ヤーコプ・ルートヴィッヒ・カール,https://www.aozora.gr.jp/cards/001091/files/42308_17916.html
82,闇桜,樋口 一葉,https://www.aozora.gr.jp/cards/000064/files/4527_27840.html
83,グスコーブドリの伝記,宮沢 賢治,https://www.aozora.gr.jp/cards/000081/files/1924_14254.html
84,どんぐりと山猫,宮沢 賢治,https://www.aozora.gr.jp/cards/000081/files/43752_17657.html
85,葉桜と魔笛,太宰 治,https://www.aozora.gr.jp/cards/000035/files/42376_15545.html
86,名人伝,中島 敦,https://www.aozora.gr.jp/cards/000119/files/621_14498.html
87,恩讐の彼方に,菊池 寛,https://www.aozora.gr.jp/cards/000083/files/496_19866.html
88,或旧友へ送る手記,芥川 竜之介,https://www.aozora.gr.jp/cards/000879/files/20_14619.html
89,芋粥,芥川 竜之介,https://www.aozora.gr.jp/cards/000879/files/55_14824.html
90,お伽草紙,太宰 治,https://www.aozora.gr.jp/cards/000035/files/307_14909.html
91,外科室,泉 鏡花,https://www.aozora.gr.jp/cards/000050/files/360_19397.html
92,夜明け前,島崎 藤村,https://www.aozora.gr.jp/cards/000158/files/1504_14585.html
93,一房の葡萄,有島 武郎,https://www.aozora.gr.jp/cards/000025/files/211_20472.html
94,夏の葬列,山川 方夫,https://www.aozora.gr.jp/cards/001801/files/59532_70200.html
95,花咲かじじい,楠山 正雄,https://www.aozora.gr.jp/cards/000329/files/3391.ebk
96,歯車,芥川 竜之介,https://www.aozora.gr.jp/cards/000879/files/40_15151.html
97,みだれ髪,与謝野 晶子,https://www.aozora.gr.jp/cards/000885/files/51307_47033.html
98,或阿呆の一生,芥川 竜之介,https://www.aozora.gr.jp/cards/000879/files/19_14618.html
99,侏儒の言葉,芥川 竜之介,https://www.aozora.gr.jp/cards/000879/files/158_15132.html
100,やまなし,宮沢 賢治,https://www.aozora.gr.jp/cards/000081/files/472_42317.html
101,風景,山村 暮鳥,https://www.aozora.gr.jp/cards/000136/files/52348_42039.html
102,上海游記,芥川 竜之介,https://www.aozora.gr.jp/cards/000879/files/51215_56381.html
103,トカトントン,太宰 治,https://www.aozora.gr.jp/cards/000035/files/2285_15077.html
104,山椒大夫,森 鴎外,https://www.aozora.gr.jp/cards/000129/files/689_23257.html
105,杜子春,芥川 竜之介,https://www.aozora.gr.jp/cards/000879/files/43015_17432.html
106,如是我聞,太宰 治,https://www.aozora.gr.jp/cards/000035/files/1084_15078.html
107,武蔵野,国木田 独歩,https://www.aozora.gr.jp/cards/000038/files/329_15886.html
108,蒲団,田山 花袋,https://www.aozora.gr.jp/cards/000214/files/1669_8259.html
109,ねずみの嫁入り,楠山 正雄,https://www.aozora.gr.jp/cards/000329/files/18335_11944.html
110,怪人二十面相,江戸川 乱歩,https://www.aozora.gr.jp/cards/001779/files/57228_58735.html
111,なめとこ山の熊,宮沢 賢治,https://www.aozora.gr.jp/cards/000081/files/1939_18755.html
112,古事記,太 安万侶,https://www.aozora.gr.jp/cards/001518/files/51732_44768.html
113,川端康成へ,太宰 治,https://www.aozora.gr.jp/cards/000035/files/1607_13766.html
114,ポラーノの広場,宮沢 賢治,https://www.aozora.gr.jp/cards/000081/files/1935_19925.html
115,野菊の墓,伊藤 左千夫,https://www.aozora.gr.jp/cards/000058/files/647_20406.html
116,細雪,谷崎 潤一郎,https://www.aozora.gr.jp/cards/001383/files/56698_59488.html
117,黒猫,ポー エドガー・アラン,https://www.aozora.gr.jp/cards/000094/files/530_20932.html
118,蠅,横光 利一,https://www.aozora.gr.jp/cards/000168/files/2302_13371.html
119,舞姫,森 鴎外,https://www.aozora.gr.jp/cards/000129/files/682_15414.html
120,蜜柑,芥川 竜之介,https://www.aozora.gr.jp/cards/000879/files/43017_17431.html
121,浮雲,二葉亭 四迷,https://www.aozora.gr.jp/cards/000006/files/1869_33656.html
122,それから,夏目 漱石,https://www.aozora.gr.jp/cards/000148/files/1746_18325.html
123,桜桃,太宰 治,https://www.aozora.gr.jp/cards/000035/files/308_14910.html
124,阿Ｑ正伝,魯迅 ,https://www.aozora.gr.jp/cards/001124/files/42934_16419.html
125,押絵と旅する男,江戸川 乱歩,https://www.aozora.gr.jp/cards/001779/files/56645_58203.html
126,あばばばば,芥川 竜之介,https://www.aozora.gr.jp/cards/000879/files/14_14602.html
127,形,菊池 寛,https://www.aozora.gr.jp/cards/000083/files/4306_19830.html
128,老人と海,ヘミングウェイ アーネスト・ミラー,https://www.aozora.gr.jp/cards/001847/files/57347_57224.html
129,測量船,三好 達治,https://www.aozora.gr.jp/cards/001749/files/55797_55505.html
130,若菜集,島崎 藤村,https://www.aozora.gr.jp/cards/000158/files/1508_18509.html
131,ラプンツェル,グリム ヤーコプ・ルートヴィッヒ・カール,https://www.aozora.gr.jp/cards/001091/files/42309_18060.html
132,野ばら,小川 未明,https://www.aozora.gr.jp/cards/001475/files/51034_47932.html
133,風立ちぬ,堀 辰雄,https://www.aozora.gr.jp/cards/001030/files/4803_14204.html
134,三国志,吉川 英治,https://www.aozora.gr.jp/cards/001562/files/52410_51061.html
135,破戒,島崎 藤村,https://www.aozora.gr.jp/cards/000158/files/1502_24633.html
136,猿蟹合戦,芥川 竜之介,https://www.aozora.gr.jp/cards/000879/files/140_15196.html
137,李陵,中島 敦,https://www.aozora.gr.jp/cards/000119/files/1737_14534.html
138,秋の瞳,八木 重吉,https://www.aozora.gr.jp/cards/000013/files/11_20062.html
139,農民芸術概論綱要,宮沢 賢治,https://www.aozora.gr.jp/cards/000081/files/2386_13825.html
140,日記帳,江戸川 乱歩,https://www.aozora.gr.jp/cards/001779/files/57190_58247.html
141,小春,国木田 独歩,https://www.aozora.gr.jp/cards/000038/files/42202_48332.html
142,羅生門,芥川 竜之介,https://www.aozora.gr.jp/cards/000879/files/128_15261.html
143,狂気の山脈にて,ラヴクラフト ハワード・フィリップス,https://www.aozora.gr.jp/cards/001699/files/57858_59672.html
144,Ｄ坂の殺人事件,江戸川 乱歩,https://www.aozora.gr.jp/cards/001779/files/56650_58209.html
145,高野聖,泉 鏡花,https://www.aozora.gr.jp/cards/000050/files/521_20583.html
146,津軽,太宰 治,https://www.aozora.gr.jp/cards/000035/files/2282_15074.html
147,それから,夏目 漱石,https://www.aozora.gr.jp/cards/000148/files/56143_50921.html
148,アリスはふしぎの国で,キャロル ルイス,https://www.aozora.gr.jp/cards/001393/files/57320_57183.html
149,待つ,太宰 治,https://www.aozora.gr.jp/cards/000035/files/2317_13904.html
150,遺書,芥川 竜之介,https://www.aozora.gr.jp/cards/000879/files/16034_33783.html
151,「いき」の構造,九鬼 周造,https://www.aozora.gr.jp/cards/000065/files/393_etc.zip
152,雪渡り,宮沢 賢治,https://www.aozora.gr.jp/cards/000081/files/45679_22349.html
153,茶の本,岡倉 天心,https://www.aozora.gr.jp/cards/000238/files/1276_31472.html
154,きのこ会議,夢野 久作,https://www.aozora.gr.jp/cards/000096/files/46694_27682.html
155,ヰタ・セクスアリス,森 鴎外,https://www.aozora.gr.jp/cards/000129/files/695_22806.html
156,人生論ノート,三木 清,https://www.aozora.gr.jp/cards/000218/files/46845_29569.html
157,チベット旅行記,河口 慧海,https://www.aozora.gr.jp/cards/001404/files/49966_44769.html
158,ア、秋,太宰 治,https://www.aozora.gr.jp/cards/000035/files/236_19996.html
159,黒死館殺人事件,小栗 虫太郎,https://www.aozora.gr.jp/cards/000125/files/1317_23268.html
160,在りし日の歌,中原 中也,https://www.aozora.gr.jp/cards/000026/files/219_33152.html
161,この子を残して,永井 隆,https://www.aozora.gr.jp/cards/000924/files/49192_39848.html
162,ガリバー旅行記,スウィフト ジョナサン,https://www.aozora.gr.jp/cards/000912/files/4673_9768.html
163,雪の女王,アンデルセン ハンス・クリスチャン,https://www.aozora.gr.jp/cards/000019/files/42387_20568.html
164,猫の事務所,宮沢 賢治,https://www.aozora.gr.jp/cards/000081/files/464_19941.html
165,黄金風景,太宰 治,https://www.aozora.gr.jp/cards/000035/files/2257_15061.html
166,魔術,芥川 竜之介,https://www.aozora.gr.jp/cards/000879/files/95_15247.html
167,青猫,萩原 朔太郎,https://www.aozora.gr.jp/cards/000067/files/1768_18738.html
168,抒情小曲集,室生 犀星,https://www.aozora.gr.jp/cards/001579/files/53241_49665.html
169,ヴィヨンの妻,太宰 治,https://www.aozora.gr.jp/cards/000035/files/2253_14908.html
170,赤いくつ,アンデルセン ハンス・クリスチャン,https://www.aozora.gr.jp/cards/000019/files/42378_18502.html
171,病牀六尺,正岡 子規,https://www.aozora.gr.jp/cards/000305/files/43537_41508.html
172,雨の玉川心中,太宰 治,https://www.aozora.gr.jp/cards/000035/files/58054_61587.html
173,死者の書,折口 信夫,https://www.aozora.gr.jp/cards/000933/files/4398_14220.html
174,源氏物語,紫式部 ,https://www.aozora.gr.jp/cards/000052/files/5016_9758.html
175,双子の星,宮沢 賢治,https://www.aozora.gr.jp/cards/000081/files/459_15404.html
176,河童,芥川 竜之介,https://www.aozora.gr.jp/cards/000879/files/69_14933.html
177,小さき者へ,有島 武郎,https://www.aozora.gr.jp/cards/000025/files/206_20463.html
178,福翁自伝,福沢 諭吉,https://www.aozora.gr.jp/cards/000296/files/1864_61590.html
179,後世への最大遺物,内村 鑑三,https://www.aozora.gr.jp/cards/000034/files/519_43561.html
180,三国志,吉川 英治,https://www.aozora.gr.jp/cards/001562/files/52409_51059.html
181,ジーキル博士とハイド氏の怪事件,スティーブンソン ロバート・ルイス,https://www.aozora.gr.jp/cards/000888/files/33205_26197.html
182,風流仏,幸田 露伴,https://www.aozora.gr.jp/cards/000051/files/2710_14020.html
183,ファウスト,ゲーテ ヨハン・ヴォルフガング・フォン,https://www.aozora.gr.jp/cards/001025/files/50909_49238.html
184,雪女,小泉 八雲,https://www.aozora.gr.jp/cards/000258/files/50326_35772.html
185,こがね丸,巌谷 小波,https://www.aozora.gr.jp/cards/000981/files/3646_12287.html
186,正義と微笑,太宰 治,https://www.aozora.gr.jp/cards/000035/files/1577_8581.html
187,科学者とあたま,寺田 寅彦,https://www.aozora.gr.jp/cards/000042/files/2359_13797.html
188,飴だま,新美 南吉,https://www.aozora.gr.jp/cards/000121/files/4723_13209.html
189,畜犬談,太宰 治,https://www.aozora.gr.jp/cards/000035/files/246_34649.html
190,人魚のひいさま,アンデルセン ハンス・クリスチャン,https://www.aozora.gr.jp/cards/000019/files/42383_21527.html
191,二銭銅貨,江戸川 乱歩,https://www.aozora.gr.jp/cards/001779/files/56647_58167.html
192,虞美人草,夏目 漱石,https://www.aozora.gr.jp/cards/000148/files/761_14485.html
193,カラマゾフの兄弟,ドストエフスキー フィヨードル・ミハイロヴィチ,https://www.aozora.gr.jp/cards/000363/files/42286_37300.html
194,草木塔,種田 山頭火,https://www.aozora.gr.jp/cards/000146/files/749_34457.html
195,秋,芥川 竜之介,https://www.aozora.gr.jp/cards/000879/files/16_14570.html
196,愛の詩集,室生 犀星,https://www.aozora.gr.jp/cards/001579/files/53947_53569.html
197,秘密,谷崎 潤一郎,https://www.aozora.gr.jp/cards/001383/files/57349_60032.html
198,夜長姫と耳男,坂口 安吾,https://www.aozora.gr.jp/cards/001095/files/42614_21838.html
199,白痴,坂口 安吾,https://www.aozora.gr.jp/cards/001095/files/42621_21290.html
200,雁,森 鴎外,https://www.aozora.gr.jp/cards/000129/files/45224_19919.html
201,現代日本の開化,夏目 漱石,https://www.aozora.gr.jp/cards/000148/files/759_44901.html
202,イワンの馬鹿,トルストイ レオ,https://www.aozora.gr.jp/cards/000361/files/42941_15672.html
203,Ｋの昇天,梶井 基次郎,https://www.aozora.gr.jp/cards/000074/files/419_19702.html
204,悪魔,芥川 竜之介,https://www.aozora.gr.jp/cards/000879/files/3804_27277.html
205,海潮音,上田 敏,https://www.aozora.gr.jp/cards/000235/files/2259_34474.html
206,六百句,高浜 虚子,https://www.aozora.gr.jp/cards/001310/files/51840_59625.html
207,注文の多い料理店,宮沢 賢治,https://www.aozora.gr.jp/cards/000081/files/1927_17906.html
208,光と風と夢,中島 敦,https://www.aozora.gr.jp/cards/000119/files/1743_14532.html
209,道化の華,太宰 治,https://www.aozora.gr.jp/cards/000035/files/255_15100.html
210,弟子,中島 敦,https://www.aozora.gr.jp/cards/000119/files/1738_16623.html
211,夫婦善哉,織田 作之助,https://www.aozora.gr.jp/cards/000040/files/545_33102.html
212,少女病,田山 花袋,https://www.aozora.gr.jp/cards/000214/files/1098_42470.html
213,邪宗門,北原 白秋,https://www.aozora.gr.jp/cards/000106/files/4850_13918.html
214,猫町,萩原 朔太郎,https://www.aozora.gr.jp/cards/000067/files/641_21647.html
215,赤ずきんちゃん,グリム ヤーコプ・ルートヴィッヒ・カール,https://www.aozora.gr.jp/cards/001091/files/42311_15546.html
216,鮨,岡本 かの子,https://www.aozora.gr.jp/cards/000076/files/1016_19596.html
217,別れ霜,樋口 一葉,https://www.aozora.gr.jp/cards/000064/files/55665_54779.html
218,モルグ街の殺人事件,ポー エドガー・アラン,https://www.aozora.gr.jp/cards/000094/files/605_20934.html
219,変な音,夏目 漱石,https://www.aozora.gr.jp/cards/000148/files/763_43525.html
220,硝子戸の中,夏目 漱石,https://www.aozora.gr.jp/cards/000148/files/760_14940.html
221,赤い部屋,江戸川 乱歩,https://www.aozora.gr.jp/cards/001779/files/57181_59566.html
222,死後の恋,夢野 久作,https://www.aozora.gr.jp/cards/000096/files/2380_13349.html
223,悲しき玩具,石川 啄木,https://www.aozora.gr.jp/cards/000153/files/815_20544.html
224,猿かに合戦,楠山 正雄,https://www.aozora.gr.jp/cards/000329/files/18334_11947.html
225,赤いカブトムシ,江戸川 乱歩,https://www.aozora.gr.jp/cards/001779/files/57105_59659.html
226,貝の火,宮沢 賢治,https://www.aozora.gr.jp/cards/000081/files/1942_42611.html
227,星の銀貨,グリム ヤーコプ・ルートヴィッヒ・カール,https://www.aozora.gr.jp/cards/001091/files/42316_15930.html
228,永日小品,夏目 漱石,https://www.aozora.gr.jp/cards/000148/files/758_14936.html
229,不良少年とキリスト,坂口 安吾,https://www.aozora.gr.jp/cards/001095/files/42840_24908.html
230,門,夏目 漱石,https://www.aozora.gr.jp/cards/000148/files/785_14971.html
231,愛撫,梶井 基次郎,https://www.aozora.gr.jp/cards/000074/files/411_19633.html
232,『注文の多い料理店』序,宮沢 賢治,https://www.aozora.gr.jp/cards/000081/files/43736_17656.html
233,神神の微笑,芥川 竜之介,https://www.aozora.gr.jp/cards/000879/files/68_15177.html
234,赤い蝋燭,新美 南吉,https://www.aozora.gr.jp/cards/000121/files/627_13466.html
235,最終戦争論,石原 莞爾,https://www.aozora.gr.jp/cards/000230/files/1154_23278.html
236,I can speak,太宰 治,https://www.aozora.gr.jp/cards/000035/files/1572_19910.html
237,山の人生,柳田 国男,https://www.aozora.gr.jp/cards/001566/files/52505_50610.html
238,ルバイヤート,ハイヤーム オマル,https://www.aozora.gr.jp/cards/000288/files/1760_23850.html
239,日本の伝説,柳田 国男,https://www.aozora.gr.jp/cards/001566/files/53810_50599.html
240,原爆詩集,峠 三吉,https://www.aozora.gr.jp/cards/001053/files/4963_16055.html
241,アグニの神,芥川 竜之介,https://www.aozora.gr.jp/cards/000879/files/15_14583.html
242,小説　不如帰　,徳冨 蘆花,https://www.aozora.gr.jp/cards/000280/files/1706_44742.html
243,屋根裏の散歩者,江戸川 乱歩,https://www.aozora.gr.jp/cards/001779/files/56649_59494.html
244,アイヌ神謡集,作者不詳 ,https://www.aozora.gr.jp/cards/001529/files/44909_29558.html
245,ピアノ,芥川 竜之介,https://www.aozora.gr.jp/cards/000879/files/1130_15234.html
246,雲,山村 暮鳥,https://www.aozora.gr.jp/cards/000136/files/42755_34855.html
247,赤毛連盟,ドイル アーサー・コナン,https://www.aozora.gr.jp/cards/000009/files/8_31220.html
248,鏡地獄,江戸川 乱歩,https://www.aozora.gr.jp/cards/001779/files/57343_60022.html
249,心理試験,江戸川 乱歩,https://www.aozora.gr.jp/cards/001779/files/56646_58241.html
250,若草物語,オルコット ルイーザ・メイ,https://www.aozora.gr.jp/cards/001090/files/42307_24580.html
251,「女らしさ」とは何か,与謝野 晶子,https://www.aozora.gr.jp/cards/000885/files/3325_6558.html
252,アッシャー家の崩壊,ポー エドガー・アラン,https://www.aozora.gr.jp/cards/000094/files/882_20930.html
253,舞踏会,芥川 竜之介,https://www.aozora.gr.jp/cards/000879/files/28_15270.html
254,きりぎりす,太宰 治,https://www.aozora.gr.jp/cards/000035/files/1571_20655.html
255,阿部一族,森 鴎外,https://www.aozora.gr.jp/cards/000129/files/673_23255.html
256,墨汁一滴,正岡 子規,https://www.aozora.gr.jp/cards/000305/files/1897_18672.html
257,絵のない絵本,アンデルセン ハンス・クリスチャン,https://www.aozora.gr.jp/cards/000019/files/58165_64334.html
258,満願,太宰 治,https://www.aozora.gr.jp/cards/000035/files/1564_14134.html
259,フランケンシュタイン,シェリー メアリー・ウォルストンクラフト,https://www.aozora.gr.jp/cards/001176/files/44904_35865.html
260,相対性理論,アインシュタイン アルベルト,https://www.aozora.gr.jp/cards/001428/files/50328_64360.html
261,人魚の姫,アンデルセン ハンス・クリスチャン,https://www.aozora.gr.jp/cards/000019/files/58848_67709.html
262,悟浄歎異,中島 敦,https://www.aozora.gr.jp/cards/000119/files/617_14530.html
263,かちかち山,芥川 竜之介,https://www.aozora.gr.jp/cards/000879/files/3814_27290.html
264,詩ノート,宮沢 賢治,https://www.aozora.gr.jp/cards/000081/files/47029_46743.html
265,純情小曲集,萩原 朔太郎,https://www.aozora.gr.jp/cards/000067/files/1788_18740.html
266,黄いろのトマト,宮沢 賢治,https://www.aozora.gr.jp/cards/000081/files/1919_18095.html
267,狂人日記,魯迅 ,https://www.aozora.gr.jp/cards/001124/files/42936_16990.html
268,文鳥,夏目 漱石,https://www.aozora.gr.jp/cards/000148/files/753_42587.html
269,長崎の鐘,永井 隆,https://www.aozora.gr.jp/cards/000924/files/50659_42787.html
270,倫敦塔,夏目 漱石,https://www.aozora.gr.jp/cards/000148/files/1076_14974.html
271,ツェねずみ,宮沢 賢治,https://www.aozora.gr.jp/cards/000081/files/1949_18526.html
272,舌切りすずめ,楠山 正雄,https://www.aozora.gr.jp/cards/000329/files/18378_12098.html
273,夜叉ヶ池,泉 鏡花,https://www.aozora.gr.jp/cards/000050/files/3407_19566.html
274,人でなしの恋,江戸川 乱歩,https://www.aozora.gr.jp/cards/001779/files/57511_65228.html
275,ああ華族様だよ　と私は嘘を吐くのであった,渡辺 温,https://www.aozora.gr.jp/cards/000020/files/2569_28291.html
276,ニャルラトホテプ,ラヴクラフト ハワード・フィリップス,https://www.aozora.gr.jp/cards/001699/files/56839_53228.html
277,いのちの初夜,北条 民雄,https://www.aozora.gr.jp/cards/000997/files/398_42319.html
278,銀の匙,中 勘助,https://www.aozora.gr.jp/cards/001799/files/56638_61335.html
279,日本文化私観,坂口 安吾,https://www.aozora.gr.jp/cards/001095/files/42625_21289.html
280,二十四の瞳,壺井 栄,https://www.aozora.gr.jp/cards/001875/files/57856_63624.html
281,チャンス,太宰 治,https://www.aozora.gr.jp/cards/000035/files/244_20157.html
282,文学のふるさと,坂口 安吾,https://www.aozora.gr.jp/cards/001095/files/44919_23669.html
283,白昼夢,江戸川 乱歩,https://www.aozora.gr.jp/cards/001779/files/57192_59570.html
284,デンデンムシノ　カナシミ,新美 南吉,https://www.aozora.gr.jp/cards/000121/files/43403_16820.html
285,萱草に寄す,立原 道造,https://www.aozora.gr.jp/cards/000011/files/889_20333.html
286,雨の玉川心中,山崎 富栄,https://www.aozora.gr.jp/cards/001777/files/56258_61595.html
287,奉教人の死,芥川 竜之介,https://www.aozora.gr.jp/cards/000879/files/49_15269.html
288,愛読書の印象,芥川 竜之介,https://www.aozora.gr.jp/cards/000879/files/4872_21839.html
289,たけくらべ,樋口 一葉,https://www.aozora.gr.jp/cards/000064/files/56041_54765.html
290,白,芥川 竜之介,https://www.aozora.gr.jp/cards/000879/files/149_15204.html
291,地名の研究,柳田 国男,https://www.aozora.gr.jp/cards/001566/files/58544_68749.html
292,クリスマス・カロル,ディケンズ チャールズ,https://www.aozora.gr.jp/cards/000914/files/4328_8144.html
293,魚服記,太宰 治,https://www.aozora.gr.jp/cards/000035/files/1563_9723.html
294,宿命,萩原 朔太郎,https://www.aozora.gr.jp/cards/000067/files/1790_66588.html
295,明暗,夏目 漱石,https://www.aozora.gr.jp/cards/000148/files/782_14969.html
296,悟浄出世,中島 敦,https://www.aozora.gr.jp/cards/000119/files/2521_14527.html
297,善の研究,西田 幾多郎,https://www.aozora.gr.jp/cards/000182/files/946.ebk
298,耳無芳一の話,小泉 八雲,https://www.aozora.gr.jp/cards/000258/files/42927_15424.html
299,竜潭譚,泉 鏡花,https://www.aozora.gr.jp/cards/000050/files/1091_20649.html
300,恋愛論,坂口 安吾,https://www.aozora.gr.jp/cards/001095/files/42851_34347.html
301,恥,太宰 治,https://www.aozora.gr.jp/cards/000035/files/262_20045.html
302,寒山拾得,森 鴎外,https://www.aozora.gr.jp/cards/000129/files/1071_17107.html
303,渋江抽斎,森 鴎外,https://www.aozora.gr.jp/cards/000129/files/2058_19628.html
304,毒もみのすきな署長さん,宮沢 賢治,https://www.aozora.gr.jp/cards/000081/files/454_42329.html
305,万葉秀歌,斎藤 茂吉,https://www.aozora.gr.jp/cards/001059/files/5082_32224.html
306,おせん,邦枝 完二,https://www.aozora.gr.jp/cards/001261/files/46687_26607.html
307,燃ゆる頬,堀 辰雄,https://www.aozora.gr.jp/cards/001030/files/4814_14374.html
308,おやゆび姫,アンデルセン ハンス・クリスチャン,https://www.aozora.gr.jp/cards/000019/files/46318_23027.html
309,黄金餅,三遊亭 円朝,https://www.aozora.gr.jp/cards/000989/files/50085_35963.html
310,パノラマ島綺譚,江戸川 乱歩,https://www.aozora.gr.jp/cards/001779/files/56651_58766.html
311,惜みなく愛は奪う,有島 武郎,https://www.aozora.gr.jp/cards/000025/files/1144_11850.html
312,手巾,芥川 竜之介,https://www.aozora.gr.jp/cards/000879/files/43_15268.html
313,神曲,ダンテ アリギエリ,https://www.aozora.gr.jp/cards/000961/files/4618_13199.html
314,日本人の自然観,寺田 寅彦,https://www.aozora.gr.jp/cards/000042/files/2510_13846.html
315,猟奇歌,夢野 久作,https://www.aozora.gr.jp/cards/000096/files/933_22022.html
316,アーサー王物語,テニソン アルフレッド,https://www.aozora.gr.jp/cards/000140/files/50131_42408.html
317,貧しき信徒,八木 重吉,https://www.aozora.gr.jp/cards/000013/files/542_42320.html
318,文芸的な、余りに文芸的な,芥川 竜之介,https://www.aozora.gr.jp/cards/000879/files/26_15271.html
319,アッシェンプッテル,グリム ヤーコプ・ルートヴィッヒ・カール,https://www.aozora.gr.jp/cards/001091/files/46344_23172.html
320,五重塔,幸田 露伴,https://www.aozora.gr.jp/cards/000051/files/43289_16904.html
321,レ・ミゼラブル,ユゴー ヴィクトル,https://www.aozora.gr.jp/cards/001094/files/42600_25758.html
322,卍,谷崎 潤一郎,https://www.aozora.gr.jp/cards/001383/files/56873_62035.html
323,或る女,有島 武郎,https://www.aozora.gr.jp/cards/000025/files/201_20052.html
324,赤いろうそくと人魚,小川 未明,https://www.aozora.gr.jp/cards/001475/files/51005_46224.html
325,忘れえぬ人々,国木田 独歩,https://www.aozora.gr.jp/cards/000038/files/1409_34798.html
326,春は馬車に乗って,横光 利一,https://www.aozora.gr.jp/cards/000168/files/904.ebk
327,小桜姫物語,浅野 和三郎,https://www.aozora.gr.jp/cards/001034/files/4823_48720.html
328,銀河鉄道の夜,宮沢 賢治,https://www.aozora.gr.jp/cards/000081/files/48222_59645.html
329,思い出す事など,夏目 漱石,https://www.aozora.gr.jp/cards/000148/files/792_14937.html
330,アグニの神,芥川 竜之介,https://www.aozora.gr.jp/cards/000879/files/43014_17430.html
331,夏の花,原 民喜,https://www.aozora.gr.jp/cards/000293/files/4680_18529.html
332,黒蜥蜴,江戸川 乱歩,https://www.aozora.gr.jp/cards/001779/files/57405_60036.html
333,明日,新美 南吉,https://www.aozora.gr.jp/cards/000121/files/45095_41631.html
334,疾中,宮沢 賢治,https://www.aozora.gr.jp/cards/000081/files/471_19937.html
335,枯野抄,芥川 竜之介,https://www.aozora.gr.jp/cards/000879/files/72_14932.html
336,パンドラの匣,太宰 治,https://www.aozora.gr.jp/cards/000035/files/1566_8578.html
337,智恵子の半生,高村 光太郎,https://www.aozora.gr.jp/cards/001168/files/46376_25633.html
338,彼岸過迄,夏目 漱石,https://www.aozora.gr.jp/cards/000148/files/765_14961.html
339,にごりえ,樋口 一葉,https://www.aozora.gr.jp/cards/000064/files/387_15293.html
340,最後の一句,森 鴎外,https://www.aozora.gr.jp/cards/000129/files/687_15356.html
341,吉野葛,谷崎 潤一郎,https://www.aozora.gr.jp/cards/001383/files/56867_58205.html
342,父帰る,菊池 寛,https://www.aozora.gr.jp/cards/000083/files/502_19914.html
343,マッチ売りの少女,アンデルセン ハンス・クリスチャン,https://www.aozora.gr.jp/cards/000019/files/194_23024.html
344,行人,夏目 漱石,https://www.aozora.gr.jp/cards/000148/files/775_14942.html
345,濹東綺譚,永井 荷風,https://www.aozora.gr.jp/cards/001341/files/52016_42178.html
346,貉,小泉 八雲,https://www.aozora.gr.jp/cards/000258/files/42928_15332.html
347,ダス・ゲマイネ,太宰 治,https://www.aozora.gr.jp/cards/000035/files/42945_14904.html
348,十二月八日,太宰 治,https://www.aozora.gr.jp/cards/000035/files/253_20056.html
349,十三夜,樋口 一葉,https://www.aozora.gr.jp/cards/000064/files/386_15291.html
350,だしの取り方,北大路 魯山人,https://www.aozora.gr.jp/cards/001403/files/49986_37674.html
351,水仙月の四日,宮沢 賢治,https://www.aozora.gr.jp/cards/000081/files/1930_9724.html
352,吾輩ハ猫デアル,夏目 漱石,https://www.aozora.gr.jp/cards/000148/files/790.html
353,はだかの王さま,アンデルセン ハンス・クリスチャン,https://www.aozora.gr.jp/cards/000019/files/46319_23030.html
354,懐中時計,夢野 久作,https://www.aozora.gr.jp/cards/000096/files/46823_27680.html
355,桐の花,北原 白秋,https://www.aozora.gr.jp/cards/000106/files/56857_54427.html
356,まざあ・ぐうす,作者不詳 ,https://www.aozora.gr.jp/cards/001529/files/546_21324.html
357,月夜のでんしんばしら,宮沢 賢治,https://www.aozora.gr.jp/cards/000081/files/43756_17661.html
358,惜別,太宰 治,https://www.aozora.gr.jp/cards/000035/files/2277_15069.html
359,二十世紀旗手,太宰 治,https://www.aozora.gr.jp/cards/000035/files/234_19994.html
360,千曲川のスケッチ,島崎 藤村,https://www.aozora.gr.jp/cards/000158/files/1503_14594.html
361,怪談牡丹灯籠,三遊亭 円朝,https://www.aozora.gr.jp/cards/000989/files/2577_38206.html
362,戦争と一人の女,坂口 安吾,https://www.aozora.gr.jp/cards/001095/files/42900_35405.html
363,草迷宮,泉 鏡花,https://www.aozora.gr.jp/cards/000050/files/3586_12103.html
364,天災と国防,寺田 寅彦,https://www.aozora.gr.jp/cards/000042/files/2509_9319.html
365,緋のエチュード,ドイル アーサー・コナン,https://www.aozora.gr.jp/cards/000009/files/55881_50044.html
366,いちょうの実,宮沢 賢治,https://www.aozora.gr.jp/cards/000081/files/51156_42678.html
367,イーリアス,ホーマー ,https://www.aozora.gr.jp/cards/001099/files/46996_40612.html
368,竹取物語,和田 万吉,https://www.aozora.gr.jp/cards/001072/files/48310_42692.html
369,花のき村と盗人たち,新美 南吉,https://www.aozora.gr.jp/cards/000121/files/630_21624.html
370,食物として,芥川 竜之介,https://www.aozora.gr.jp/cards/000879/files/3795_27312.html
371,貨幣,太宰 治,https://www.aozora.gr.jp/cards/000035/files/276_45435.html
372,歯車,芥川 竜之介,https://www.aozora.gr.jp/cards/000879/files/42377_34745.html
373,ダゴン,ラヴクラフト ハワード・フィリップス,https://www.aozora.gr.jp/cards/001699/files/57443_58144.html
374,ぼろぼろな駝鳥,高村 光太郎,https://www.aozora.gr.jp/cards/001168/files/56694_55474.html
375,最後の一句,森 鴎外,https://www.aozora.gr.jp/cards/000129/files/45244_22341.html
376,生まれいずる悩み,有島 武郎,https://www.aozora.gr.jp/cards/000025/files/1111_20600.html
377,道草,夏目 漱石,https://www.aozora.gr.jp/cards/000148/files/783_14967.html
378,少年探偵団,江戸川 乱歩,https://www.aozora.gr.jp/cards/001779/files/56669_58756.html
379,愛と美について,太宰 治,https://www.aozora.gr.jp/cards/000035/files/1578_44923.html
380,おぎん,芥川 竜之介,https://www.aozora.gr.jp/cards/000879/files/116_15168.html
381,晶子詩篇全集,与謝野 晶子,https://www.aozora.gr.jp/cards/000885/files/2557_15784.html
382,朝,太宰 治,https://www.aozora.gr.jp/cards/000035/files/1562_14860.html
383,共産党宣言,マルクス カール・ハインリッヒ,https://www.aozora.gr.jp/cards/001138/files/47057_57486.html
384,芥川の事ども,菊池 寛,https://www.aozora.gr.jp/cards/000083/files/1340_19832.html
385,春と修羅　第二集,宮沢 賢治,https://www.aozora.gr.jp/cards/000081/files/47027_37961.html
386,古事記,太 安万侶,https://www.aozora.gr.jp/cards/001518/files/51731_50813.html
387,竜潭譚,泉 鏡花,https://www.aozora.gr.jp/cards/000050/files/57471_60107.html
388,お月さまいくつ,北原 白秋,https://www.aozora.gr.jp/cards/000106/files/2423_24397.html
389,志賀直哉氏の作品,菊池 寛,https://www.aozora.gr.jp/cards/000083/files/1388_17405.html
390,姥捨,太宰 治,https://www.aozora.gr.jp/cards/000035/files/2256_19985.html
391,シグナルとシグナレス,宮沢 賢治,https://www.aozora.gr.jp/cards/000081/files/2655_30646.html
392,月夜とめがね,小川 未明,https://www.aozora.gr.jp/cards/001475/files/54404_46246.html
393,思ひ出,北原 白秋,https://www.aozora.gr.jp/cards/000106/files/2415_45802.html
394,桜の園,チェーホフ アントン,https://www.aozora.gr.jp/cards/001155/files/43598_38389.html
395,美男子と煙草,太宰 治,https://www.aozora.gr.jp/cards/000035/files/241_15081.html
396,不連続殺人事件,坂口 安吾,https://www.aozora.gr.jp/cards/001095/files/42626_53108.etc
397,縊死体,夢野 久作,https://www.aozora.gr.jp/cards/000096/files/2377_13516.html
398,あし,新美 南吉,https://www.aozora.gr.jp/cards/000121/files/4675_8212.html
399,地下生活者の手記,ドストエフスキー フィヨードル・ミハイロヴィチ,https://www.aozora.gr.jp/cards/000363/files/57393_66320.html
400,六の宮の姫君,芥川 竜之介,https://www.aozora.gr.jp/cards/000879/files/130_15275.html
401,桜の樹の下には,梶井 基次郎,https://www.aozora.gr.jp/cards/000074/files/47552_29611.html
402,夜行巡査,泉 鏡花,https://www.aozora.gr.jp/cards/000050/files/897_20742.html
403,南京の基督,芥川 竜之介,https://www.aozora.gr.jp/cards/000879/files/105_15146.html
404,煙草と悪魔,芥川 竜之介,https://www.aozora.gr.jp/cards/000879/files/163_15142.html
405,紙風船（一幕）,岸田 国士,https://www.aozora.gr.jp/cards/001154/files/52082_45850.html
406,レオナルド・ダ・ヴインチの手記,ダ・ヴィンチ レオナルド,https://www.aozora.gr.jp/cards/002016/files/59231_67732.html
407,かもめ,チェーホフ アントン,https://www.aozora.gr.jp/cards/001155/files/51860_41507.html
408,銀河鉄道の夜,宮沢 賢治,https://www.aozora.gr.jp/cards/000081/files/46322_24347.html
409,自作を語る,太宰 治,https://www.aozora.gr.jp/cards/000035/files/42366_15876.html
410,山月記,中島 敦,https://www.aozora.gr.jp/cards/000119/files/623_18353.html
411,私本太平記,吉川 英治,https://www.aozora.gr.jp/cards/001562/files/52421_49661.html
412,ビジテリアン大祭,宮沢 賢治,https://www.aozora.gr.jp/cards/000081/files/2589_25727.html
413,沙漠の花,原 民喜,https://www.aozora.gr.jp/cards/000293/files/4773_6668.html
414,かのように,森 鴎外,https://www.aozora.gr.jp/cards/000129/files/678_22884.html
415,世界怪談名作集,ディケンズ チャールズ,https://www.aozora.gr.jp/cards/000914/files/42302_16646.html
416,犬と笛,芥川 竜之介,https://www.aozora.gr.jp/cards/000879/files/56_15161.html
417,ヘンゼルとグレーテル,グリム ヤーコプ・ルートヴィッヒ・カール,https://www.aozora.gr.jp/cards/001091/files/42315_15931.html
418,檸檬,梶井 基次郎,https://www.aozora.gr.jp/cards/000074/files/46349_23843.html
419,小爆発二件,寺田 寅彦,https://www.aozora.gr.jp/cards/000042/files/2507_13840.html
420,仙人,芥川 竜之介,https://www.aozora.gr.jp/cards/000879/files/144_15208.html
421,東京八景,太宰 治,https://www.aozora.gr.jp/cards/000035/files/1569_23528.html
422,古事記物語,鈴木 三重吉,https://www.aozora.gr.jp/cards/000107/files/1530_54106.html
423,一寸法師,楠山 正雄,https://www.aozora.gr.jp/cards/000329/files/43457_23938.html
424,医者と病人,夢野 久作,https://www.aozora.gr.jp/cards/000096/files/46717_27675.html
425,キューピー,夢野 久作,https://www.aozora.gr.jp/cards/000096/files/46710_27684.html
426,優しき歌　Ⅰ・Ⅱ,立原 道造,https://www.aozora.gr.jp/cards/000011/files/899_27483.html
427,ねむい,チェーホフ アントン,https://www.aozora.gr.jp/cards/001155/files/51365_39698.html
428,海上の道,柳田 国男,https://www.aozora.gr.jp/cards/001566/files/54331_53583.html
429,風博士,坂口 安吾,https://www.aozora.gr.jp/cards/001095/files/42616_21000.html
430,中国怪奇小説集,岡本 綺堂,https://www.aozora.gr.jp/cards/000082/files/1298_11892.html
431,田舎教師,田山 花袋,https://www.aozora.gr.jp/cards/000214/files/1668_26031.html
432,ペンネンネンネンネン・ネネムの伝記,宮沢 賢治,https://www.aozora.gr.jp/cards/000081/files/33195_38118.html
433,皮膚と心,太宰 治,https://www.aozora.gr.jp/cards/000035/files/267_34632.html
434,すみだ川,永井 荷風,https://www.aozora.gr.jp/cards/001341/files/50556_37667.html
435,戯作三昧,芥川 竜之介,https://www.aozora.gr.jp/cards/000879/files/38_14487.html
436,醜い家鴨の子,アンデルセン ハンス・クリスチャン,https://www.aozora.gr.jp/cards/000019/files/42386_21530.html
437,赤とんぼ,新美 南吉,https://www.aozora.gr.jp/cards/000121/files/4253_10259.html
438,ざしき童子のはなし,宮沢 賢治,https://www.aozora.gr.jp/cards/000081/files/2656_30647.html
439,探偵小説の「謎」,江戸川 乱歩,https://www.aozora.gr.jp/cards/001779/files/57502_62061.html
440,ラムネ氏のこと,坂口 安吾,https://www.aozora.gr.jp/cards/001095/files/45864_32940.html
441,蜃気楼,芥川 竜之介,https://www.aozora.gr.jp/cards/000879/files/147_15135.html
442,ひかりの素足,宮沢 賢治,https://www.aozora.gr.jp/cards/000081/files/458_19935.html
443,ありときのこ,宮沢 賢治,https://www.aozora.gr.jp/cards/000081/files/2657_25728.html
444,谷崎潤一郎氏,芥川 竜之介,https://www.aozora.gr.jp/cards/000879/files/4276_6757.html
445,詩の原理,萩原 朔太郎,https://www.aozora.gr.jp/cards/000067/files/2843_26253.html
446,英雄の器,芥川 竜之介,https://www.aozora.gr.jp/cards/000879/files/35_15166.html
447,藤村詩抄,島崎 藤村,https://www.aozora.gr.jp/cards/000158/files/18352_15628.html
448,青年,森 鴎外,https://www.aozora.gr.jp/cards/000129/files/2522.ebk
449,税務署長の冒険,宮沢 賢治,https://www.aozora.gr.jp/cards/000081/files/1941_17444.html
450,海豹と雲,北原 白秋,https://www.aozora.gr.jp/cards/000106/files/52353_48552.html
451,森の紫陽花,泉 鏡花,https://www.aozora.gr.jp/cards/000050/files/4245_10284.html
452,天守物語,泉 鏡花,https://www.aozora.gr.jp/cards/000050/files/3065_24401.html
453,どんぐりと山猫,宮沢 賢治,https://www.aozora.gr.jp/cards/000081/files/1925_17912.html
454,HUMAN LOST,太宰 治,https://www.aozora.gr.jp/cards/000035/files/271_15084.html
455,機械,横光 利一,https://www.aozora.gr.jp/cards/000168/files/907_54297.html
456,浮雲,林 芙美子,https://www.aozora.gr.jp/cards/000291/files/52236_58934.html
457,野分,夏目 漱石,https://www.aozora.gr.jp/cards/000148/files/791_14959.html
458,歌行灯,泉 鏡花,https://www.aozora.gr.jp/cards/000050/files/3587_19541.html
459,双生児,江戸川 乱歩,https://www.aozora.gr.jp/cards/001779/files/57187_60205.html
460,茶わんの湯,寺田 寅彦,https://www.aozora.gr.jp/cards/000042/files/2363_13807.html
461,風野又三郎,宮沢 賢治,https://www.aozora.gr.jp/cards/000081/files/1943_30595.html
462,般若心経講義,高神 覚昇,https://www.aozora.gr.jp/cards/000269/files/1543_24303.html
463,右大臣実朝,太宰 治,https://www.aozora.gr.jp/cards/000035/files/2255_15060.html
464,奴隷根性論,大杉 栄,https://www.aozora.gr.jp/cards/000169/files/1006_13470.html
465,一寸法師,江戸川 乱歩,https://www.aozora.gr.jp/cards/001779/files/58053_62875.html
466,春の鳥,国木田 独歩,https://www.aozora.gr.jp/cards/000038/files/1057_15980.html
467,断食芸人,カフカ フランツ,https://www.aozora.gr.jp/cards/001235/files/49864_41927.html
468,狐憑,中島 敦,https://www.aozora.gr.jp/cards/000119/files/618_14528.html
469,積木の町,スティーブンソン ロバート・ルイス,https://www.aozora.gr.jp/cards/000888/files/45119_41970.html
470,かちかち山,楠山 正雄,https://www.aozora.gr.jp/cards/000329/files/18377_11982.html
471,目羅博士の不思議な犯罪,江戸川 乱歩,https://www.aozora.gr.jp/cards/001779/files/57521_69565.html
472,点鬼簿,芥川 竜之介,https://www.aozora.gr.jp/cards/000879/files/167_15143.html
473,外套,ゴーゴリ ニコライ,https://www.aozora.gr.jp/cards/000207/files/357_22446.html
474,現代訳論語,下村 湖人,https://www.aozora.gr.jp/cards/001097/files/43785_58836.html
475,織田君の死,太宰 治,https://www.aozora.gr.jp/cards/000035/files/42365_15875.html
476,正岡子規,夏目 漱石,https://www.aozora.gr.jp/cards/000148/files/1751_6496.html
477,千年後の世界,海野 十三,https://www.aozora.gr.jp/cards/000160/files/877_23846.html
478,三尺角,泉 鏡花,https://www.aozora.gr.jp/cards/000050/files/4739_13830.html
479,西方の人,芥川 竜之介,https://www.aozora.gr.jp/cards/000879/files/141_15127.html
480,猿ヶ島,太宰 治,https://www.aozora.gr.jp/cards/000035/files/1579_19977.html
481,鍵,谷崎 潤一郎,https://www.aozora.gr.jp/cards/001383/files/56846_58899.html
482,指,江戸川 乱歩,https://www.aozora.gr.jp/cards/001779/files/58465_64921.html
483,水仙,太宰 治,https://www.aozora.gr.jp/cards/000035/files/2272_20058.html
484,夏の花,原 民喜,https://www.aozora.gr.jp/cards/000293/files/1821_6672.html
485,海と太陽,小川 未明,https://www.aozora.gr.jp/cards/001475/files/51116_51777.html
486,雛,芥川 竜之介,https://www.aozora.gr.jp/cards/000879/files/47_15276.html
487,牛肉と馬鈴薯,国木田 独歩,https://www.aozora.gr.jp/cards/000038/files/323_43411.html
488,浦島太郎,楠山 正雄,https://www.aozora.gr.jp/cards/000329/files/3390_33153.html
489,料理メモ,北大路 魯山人,https://www.aozora.gr.jp/cards/001403/files/50011_37666.html
490,ベートーヴェンの生涯,ロラン ロマン,https://www.aozora.gr.jp/cards/001093/files/54932_47580.html
491,狐,新美 南吉,https://www.aozora.gr.jp/cards/000121/files/632_14896.html
492,灰だらけ姫,ペロー シャルル,https://www.aozora.gr.jp/cards/001134/files/43120_21537.html
493,納豆の茶漬け,北大路 魯山人,https://www.aozora.gr.jp/cards/001403/files/54975_49007.html
494,法学とは何か,末弘 厳太郎,https://www.aozora.gr.jp/cards/000922/files/47100_32182.html
495,金の輪,小川 未明,https://www.aozora.gr.jp/cards/001475/files/54408_46242.html
496,カインの末裔,有島 武郎,https://www.aozora.gr.jp/cards/000025/files/204_19524.html
497,続堕落論,坂口 安吾,https://www.aozora.gr.jp/cards/001095/files/42619_21409.html
498,蜘蛛となめくじと狸,宮沢 賢治,https://www.aozora.gr.jp/cards/000081/files/4602_11979.html
499,思ひ出,太宰 治,https://www.aozora.gr.jp/cards/000035/files/1574_15508.html
500,三国志,吉川 英治,https://www.aozora.gr.jp/cards/001562/files/52411_51062.html
